AudioName,ClassID
audio_00000.wav,0
audio_00001.wav,0
audio_00002.wav,0
audio_00003.wav,0
audio_00004.wav,0
audio_00005.wav,0
audio_00006.wav,0
audio_00007.wav,0
audio_00008.wav,0
audio_00009.wav,0
audio_00010.wav,0
audio_00011.wav,0
audio_00012.wav,0
audio_00013.wav,0
audio_00014.wav,0
audio_00015.wav,0
audio_00016.wav,0
audio_00017.wav,0
audio_00018.wav,0
audio_00019.wav,0
audio_00020.wav,0
audio_00021.wav,0
audio_00022.wav,0
audio_00023.wav,0
audio_00024.wav,0
audio_00025.wav,0
audio_00026.wav,0
audio_00027.wav,0
audio_00028.wav,0
audio_00029.wav,0
audio_00030.wav,0
audio_00031.wav,0
audio_00032.wav,0
audio_00033.wav,0
audio_00034.wav,0
audio_00035.wav,0
audio_00036.wav,0
audio_00037.wav,0
audio_00038.wav,0
audio_00039.wav,0
audio_00040.wav,0
audio_00041.wav,0
audio_00042.wav,0
audio_00043.wav,0
audio_00044.wav,0
audio_00045.wav,0
audio_00046.wav,0
audio_00047.wav,0
audio_00048.wav,0
audio_00049.wav,0
audio_00050.wav,0
audio_00051.wav,0
audio_00052.wav,0
audio_00053.wav,0
audio_00054.wav,0
audio_00055.wav,0
audio_00056.wav,0
audio_00057.wav,0
audio_00058.wav,0
audio_00059.wav,0
audio_00060.wav,0
audio_00061.wav,0
audio_00062.wav,0
audio_00063.wav,0
audio_00064.wav,0
audio_00065.wav,0
audio_00066.wav,0
audio_00067.wav,0
audio_00068.wav,0
audio_00069.wav,0
audio_00070.wav,0
audio_00071.wav,0
audio_00072.wav,0
audio_00073.wav,0
audio_00074.wav,0
audio_00075.wav,0
audio_00076.wav,0
audio_00077.wav,0
audio_00078.wav,0
audio_00079.wav,0
audio_00080.wav,0
audio_00081.wav,0
audio_00082.wav,0
audio_00083.wav,0
audio_00084.wav,0
audio_00085.wav,0
audio_00086.wav,0
audio_00087.wav,0
audio_00088.wav,0
audio_00089.wav,0
audio_00090.wav,0
audio_00091.wav,0
audio_00092.wav,0
audio_00093.wav,0
audio_00094.wav,0
audio_00095.wav,0
audio_00096.wav,0
audio_00097.wav,0
audio_00098.wav,0
audio_00099.wav,0
audio_00100.wav,0
audio_00101.wav,0
audio_00102.wav,0
audio_00103.wav,0
audio_00104.wav,0
audio_00105.wav,0
audio_00106.wav,0
audio_00107.wav,0
audio_00108.wav,0
audio_00109.wav,0
audio_00110.wav,0
audio_00111.wav,0
audio_00112.wav,0
audio_00113.wav,0
audio_00114.wav,0
audio_00115.wav,0
audio_00116.wav,0
audio_00117.wav,0
audio_00118.wav,0
audio_00119.wav,0
audio_00120.wav,0
audio_00121.wav,0
audio_00122.wav,0
audio_00123.wav,0
audio_00124.wav,0
audio_00125.wav,0
audio_00126.wav,0
audio_00127.wav,0
audio_00128.wav,0
audio_00129.wav,0
audio_00130.wav,0
audio_00131.wav,0
audio_00132.wav,0
audio_00133.wav,0
audio_00134.wav,0
audio_00135.wav,0
audio_00136.wav,0
audio_00137.wav,0
audio_00138.wav,0
audio_00139.wav,0
audio_00140.wav,0
audio_00141.wav,0
audio_00142.wav,0
audio_00143.wav,0
audio_00144.wav,0
audio_00145.wav,0
audio_00146.wav,0
audio_00147.wav,0
audio_00148.wav,0
audio_00149.wav,0
audio_00150.wav,0
audio_00151.wav,0
audio_00152.wav,0
audio_00153.wav,0
audio_00154.wav,0
audio_00155.wav,0
audio_00156.wav,0
audio_00157.wav,0
audio_00158.wav,0
audio_00159.wav,0
audio_00160.wav,0
audio_00161.wav,0
audio_00162.wav,0
audio_00163.wav,0
audio_00164.wav,0
audio_00165.wav,0
audio_00166.wav,0
audio_00167.wav,0
audio_00168.wav,0
audio_00169.wav,0
audio_00170.wav,0
audio_00171.wav,0
audio_00172.wav,0
audio_00173.wav,0
audio_00174.wav,0
audio_00175.wav,0
audio_00176.wav,0
audio_00177.wav,0
audio_00178.wav,0
audio_00179.wav,0
audio_00180.wav,0
audio_00181.wav,0
audio_00182.wav,0
audio_00183.wav,0
audio_00184.wav,0
audio_00185.wav,0
audio_00186.wav,0
audio_00187.wav,0
audio_00188.wav,0
audio_00189.wav,0
audio_00190.wav,0
audio_00191.wav,0
audio_00192.wav,0
audio_00193.wav,0
audio_00194.wav,0
audio_00195.wav,0
audio_00196.wav,0
audio_00197.wav,0
audio_00198.wav,0
audio_00199.wav,0
audio_00200.wav,0
audio_00201.wav,0
audio_00202.wav,0
audio_00203.wav,0
audio_00204.wav,0
audio_00205.wav,0
audio_00206.wav,0
audio_00207.wav,0
audio_00208.wav,0
audio_00209.wav,0
audio_00210.wav,0
audio_00211.wav,0
audio_00212.wav,0
audio_00213.wav,0
audio_00214.wav,0
audio_00215.wav,0
audio_00216.wav,0
audio_00217.wav,0
audio_00218.wav,0
audio_00219.wav,0
audio_00220.wav,0
audio_00221.wav,0
audio_00222.wav,0
audio_00223.wav,0
audio_00224.wav,0
audio_00225.wav,0
audio_00226.wav,0
audio_00227.wav,0
audio_00228.wav,0
audio_00229.wav,0
audio_00230.wav,0
audio_00231.wav,0
audio_00232.wav,0
audio_00233.wav,0
audio_00234.wav,0
audio_00235.wav,0
audio_00236.wav,0
audio_00237.wav,0
audio_00238.wav,0
audio_00239.wav,0
audio_00240.wav,0
audio_00241.wav,0
audio_00242.wav,0
audio_00243.wav,0
audio_00244.wav,0
audio_00245.wav,0
audio_00246.wav,0
audio_00247.wav,0
audio_00248.wav,0
audio_00249.wav,0
audio_00250.wav,0
audio_00251.wav,0
audio_00252.wav,0
audio_00253.wav,0
audio_00254.wav,0
audio_00255.wav,0
audio_00256.wav,0
audio_00257.wav,0
audio_00258.wav,0
audio_00259.wav,0
audio_00260.wav,0
audio_00261.wav,0
audio_00262.wav,0
audio_00263.wav,0
audio_00264.wav,0
audio_00265.wav,0
audio_00266.wav,0
audio_00267.wav,0
audio_00268.wav,0
audio_00269.wav,0
audio_00270.wav,0
audio_00271.wav,0
audio_00272.wav,0
audio_00273.wav,0
audio_00274.wav,0
audio_00275.wav,0
audio_00276.wav,0
audio_00277.wav,0
audio_00278.wav,0
audio_00279.wav,0
audio_00280.wav,0
audio_00281.wav,0
audio_00282.wav,0
audio_00283.wav,0
audio_00284.wav,0
audio_00285.wav,0
audio_00286.wav,0
audio_00287.wav,0
audio_00288.wav,0
audio_00289.wav,0
audio_00290.wav,0
audio_00291.wav,0
audio_00292.wav,0
audio_00293.wav,0
audio_00294.wav,0
audio_00295.wav,0
audio_00296.wav,0
audio_00297.wav,0
audio_00298.wav,0
audio_00299.wav,0
audio_00300.wav,0
audio_00301.wav,0
audio_00302.wav,0
audio_00303.wav,0
audio_00304.wav,0
audio_00305.wav,0
audio_00306.wav,0
audio_00307.wav,0
audio_00308.wav,0
audio_00309.wav,0
audio_00310.wav,0
audio_00311.wav,0
audio_00312.wav,0
audio_00313.wav,0
audio_00314.wav,0
audio_00315.wav,0
audio_00316.wav,0
audio_00317.wav,0
audio_00318.wav,0
audio_00319.wav,0
audio_00320.wav,0
audio_00321.wav,0
audio_00322.wav,0
audio_00323.wav,0
audio_00324.wav,0
audio_00325.wav,0
audio_00326.wav,0
audio_00327.wav,0
audio_00328.wav,0
audio_00329.wav,0
audio_00330.wav,0
audio_00331.wav,0
audio_00332.wav,0
audio_00333.wav,0
audio_00334.wav,0
audio_00335.wav,0
audio_00336.wav,0
audio_00337.wav,0
audio_00338.wav,0
audio_00339.wav,0
audio_00340.wav,0
audio_00341.wav,0
audio_00342.wav,0
audio_00343.wav,0
audio_00344.wav,0
audio_00345.wav,0
audio_00346.wav,0
audio_00347.wav,0
audio_00348.wav,0
audio_00349.wav,0
audio_00350.wav,0
audio_00351.wav,0
audio_00352.wav,0
audio_00353.wav,0
audio_00354.wav,0
audio_00355.wav,0
audio_00356.wav,0
audio_00357.wav,0
audio_00358.wav,0
audio_00359.wav,0
audio_00360.wav,0
audio_00361.wav,0
audio_00362.wav,0
audio_00363.wav,0
audio_00364.wav,0
audio_00365.wav,0
audio_00366.wav,0
audio_00367.wav,0
audio_00368.wav,0
audio_00369.wav,0
audio_00370.wav,0
audio_00371.wav,0
audio_00372.wav,0
audio_00373.wav,0
audio_00374.wav,0
audio_00375.wav,0
audio_00376.wav,0
audio_00377.wav,0
audio_00378.wav,0
audio_00379.wav,0
audio_00380.wav,0
audio_00381.wav,0
audio_00382.wav,0
audio_00383.wav,0
audio_00384.wav,0
audio_00385.wav,0
audio_00386.wav,0
audio_00387.wav,0
audio_00388.wav,0
audio_00389.wav,0
audio_00390.wav,0
audio_00391.wav,0
audio_00392.wav,0
audio_00393.wav,0
audio_00394.wav,0
audio_00395.wav,0
audio_00396.wav,0
audio_00397.wav,0
audio_00398.wav,0
audio_00399.wav,0
audio_00400.wav,0
audio_00401.wav,0
audio_00402.wav,0
audio_00403.wav,0
audio_00404.wav,0
audio_00405.wav,0
audio_00406.wav,0
audio_00407.wav,0
audio_00408.wav,0
audio_00409.wav,0
audio_00410.wav,0
audio_00411.wav,0
audio_00412.wav,0
audio_00413.wav,0
audio_00414.wav,0
audio_00415.wav,0
audio_00416.wav,0
audio_00417.wav,0
audio_00418.wav,0
audio_00419.wav,0
audio_00420.wav,0
audio_00421.wav,0
audio_00422.wav,0
audio_00423.wav,0
audio_00424.wav,0
audio_00425.wav,0
audio_00426.wav,0
audio_00427.wav,0
audio_00428.wav,0
audio_00429.wav,0
audio_00430.wav,0
audio_00431.wav,0
audio_00432.wav,0
audio_00433.wav,0
audio_00434.wav,0
audio_00435.wav,0
audio_00436.wav,0
audio_00437.wav,0
audio_00438.wav,0
audio_00439.wav,0
audio_00440.wav,0
audio_00441.wav,0
audio_00442.wav,0
audio_00443.wav,0
audio_00444.wav,0
audio_00445.wav,0
audio_00446.wav,0
audio_00447.wav,0
audio_00448.wav,0
audio_00449.wav,0
audio_00450.wav,0
audio_00451.wav,0
audio_00452.wav,0
audio_00453.wav,0
audio_00454.wav,0
audio_00455.wav,0
audio_00456.wav,0
audio_00457.wav,0
audio_00458.wav,0
audio_00459.wav,0
audio_00460.wav,0
audio_00461.wav,0
audio_00462.wav,0
audio_00463.wav,0
audio_00464.wav,0
audio_00465.wav,0
audio_00466.wav,0
audio_00467.wav,0
audio_00468.wav,0
audio_00469.wav,0
audio_00470.wav,0
audio_00471.wav,0
audio_00472.wav,0
audio_00473.wav,0
audio_00474.wav,0
audio_00475.wav,0
audio_00476.wav,0
audio_00477.wav,0
audio_00478.wav,0
audio_00479.wav,0
audio_00480.wav,0
audio_00481.wav,0
audio_00482.wav,0
audio_00483.wav,0
audio_00484.wav,0
audio_00485.wav,0
audio_00486.wav,0
audio_00487.wav,0
audio_00488.wav,0
audio_00489.wav,0
audio_00490.wav,0
audio_00491.wav,0
audio_00492.wav,0
audio_00493.wav,0
audio_00494.wav,0
audio_00495.wav,0
audio_00496.wav,0
audio_00497.wav,0
audio_00498.wav,0
audio_00499.wav,0
audio_00500.wav,0
audio_00501.wav,0
audio_00502.wav,0
audio_00503.wav,0
audio_00504.wav,0
audio_00505.wav,0
audio_00506.wav,0
audio_00507.wav,0
audio_00508.wav,0
audio_00509.wav,0
audio_00510.wav,0
audio_00511.wav,0
audio_00512.wav,0
audio_00513.wav,0
audio_00514.wav,0
audio_00515.wav,0
audio_00516.wav,0
audio_00517.wav,0
audio_00518.wav,0
audio_00519.wav,0
audio_00520.wav,0
audio_00521.wav,0
audio_00522.wav,0
audio_00523.wav,0
audio_00524.wav,0
audio_00525.wav,0
audio_00526.wav,0
audio_00527.wav,0
audio_00528.wav,0
audio_00529.wav,0
audio_00530.wav,0
audio_00531.wav,0
audio_00532.wav,0
audio_00533.wav,0
audio_00534.wav,0
audio_00535.wav,0
audio_00536.wav,0
audio_00537.wav,0
audio_00538.wav,0
audio_00539.wav,0
audio_00540.wav,0
audio_00541.wav,0
audio_00542.wav,0
audio_00543.wav,0
audio_00544.wav,0
audio_00545.wav,0
audio_00546.wav,0
audio_00547.wav,0
audio_00548.wav,0
audio_00549.wav,0
audio_00550.wav,0
audio_00551.wav,0
audio_00552.wav,0
audio_00553.wav,0
audio_00554.wav,0
audio_00555.wav,0
audio_00556.wav,0
audio_00557.wav,0
audio_00558.wav,0
audio_00559.wav,0
audio_00560.wav,0
audio_00561.wav,0
audio_00562.wav,0
audio_00563.wav,0
audio_00564.wav,0
audio_00565.wav,0
audio_00566.wav,0
audio_00567.wav,0
audio_00568.wav,0
audio_00569.wav,0
audio_00570.wav,0
audio_00571.wav,0
audio_00572.wav,0
audio_00573.wav,0
audio_00574.wav,0
audio_00575.wav,0
audio_00576.wav,0
audio_00577.wav,0
audio_00578.wav,0
audio_00579.wav,0
audio_00580.wav,0
audio_00581.wav,0
audio_00582.wav,0
audio_00583.wav,0
audio_00584.wav,0
audio_00585.wav,0
audio_00586.wav,0
audio_00587.wav,0
audio_00588.wav,0
audio_00589.wav,0
audio_00590.wav,0
audio_00591.wav,0
audio_00592.wav,0
audio_00593.wav,0
audio_00594.wav,0
audio_00595.wav,0
audio_00596.wav,0
audio_00597.wav,0
audio_00598.wav,0
audio_00599.wav,0
audio_00600.wav,0
audio_00601.wav,0
audio_00602.wav,0
audio_00603.wav,0
audio_00604.wav,0
audio_00605.wav,0
audio_00606.wav,0
audio_00607.wav,0
audio_00608.wav,0
audio_00609.wav,0
audio_00610.wav,0
audio_00611.wav,0
audio_00612.wav,0
audio_00613.wav,0
audio_00614.wav,0
audio_00615.wav,0
audio_00616.wav,0
audio_00617.wav,0
audio_00618.wav,0
audio_00619.wav,0
audio_00620.wav,0
audio_00621.wav,0
audio_00622.wav,0
audio_00623.wav,0
audio_00624.wav,0
audio_00625.wav,0
audio_00626.wav,0
audio_00627.wav,0
audio_00628.wav,0
audio_00629.wav,0
audio_00630.wav,0
audio_00631.wav,0
audio_00632.wav,0
audio_00633.wav,0
audio_00634.wav,0
audio_00635.wav,0
audio_00636.wav,0
audio_00637.wav,0
audio_00638.wav,0
audio_00639.wav,0
audio_00640.wav,0
audio_00641.wav,0
audio_00642.wav,0
audio_00643.wav,0
audio_00644.wav,0
audio_00645.wav,0
audio_00646.wav,0
audio_00647.wav,0
audio_00648.wav,0
audio_00649.wav,0
audio_00650.wav,0
audio_00651.wav,0
audio_00652.wav,0
audio_00653.wav,0
audio_00654.wav,0
audio_00655.wav,0
audio_00656.wav,0
audio_00657.wav,0
audio_00658.wav,0
audio_00659.wav,0
audio_00660.wav,0
audio_00661.wav,0
audio_00662.wav,0
audio_00663.wav,0
audio_00664.wav,0
audio_00665.wav,0
audio_00666.wav,0
audio_00667.wav,0
audio_00668.wav,0
audio_00669.wav,0
audio_00670.wav,0
audio_00671.wav,0
audio_00672.wav,0
audio_00673.wav,0
audio_00674.wav,0
audio_00675.wav,0
audio_00676.wav,0
audio_00677.wav,0
audio_00678.wav,0
audio_00679.wav,0
audio_00680.wav,0
audio_00681.wav,0
audio_00682.wav,0
audio_00683.wav,0
audio_00684.wav,0
audio_00685.wav,0
audio_00686.wav,0
audio_00687.wav,0
audio_00688.wav,0
audio_00689.wav,0
audio_00690.wav,0
audio_00691.wav,0
audio_00692.wav,0
audio_00693.wav,0
audio_00694.wav,0
audio_00695.wav,0
audio_00696.wav,0
audio_00697.wav,0
audio_00698.wav,0
audio_00699.wav,0
audio_00700.wav,0
audio_00701.wav,0
audio_00702.wav,0
audio_00703.wav,0
audio_00704.wav,0
audio_00705.wav,0
audio_00706.wav,0
audio_00707.wav,0
audio_00708.wav,0
audio_00709.wav,0
audio_00710.wav,0
audio_00711.wav,0
audio_00712.wav,0
audio_00713.wav,0
audio_00714.wav,0
audio_00715.wav,0
audio_00716.wav,0
audio_00717.wav,0
audio_00718.wav,0
audio_00719.wav,0
audio_00720.wav,0
audio_00721.wav,0
audio_00722.wav,0
audio_00723.wav,0
audio_00724.wav,0
audio_00725.wav,0
audio_00726.wav,0
audio_00727.wav,0
audio_00728.wav,0
audio_00729.wav,0
audio_00730.wav,0
audio_00731.wav,0
audio_00732.wav,0
audio_00733.wav,0
audio_00734.wav,0
audio_00735.wav,0
audio_00736.wav,0
audio_00737.wav,0
audio_00738.wav,0
audio_00739.wav,0
audio_00740.wav,0
audio_00741.wav,0
audio_00742.wav,0
audio_00743.wav,0
audio_00744.wav,0
audio_00745.wav,0
audio_00746.wav,0
audio_00747.wav,0
audio_00748.wav,0
audio_00749.wav,0
audio_00750.wav,0
audio_00751.wav,0
audio_00752.wav,0
audio_00753.wav,0
audio_00754.wav,0
audio_00755.wav,0
audio_00756.wav,0
audio_00757.wav,0
audio_00758.wav,0
audio_00759.wav,0
audio_00760.wav,0
audio_00761.wav,0
audio_00762.wav,0
audio_00763.wav,0
audio_00764.wav,0
audio_00765.wav,0
audio_00766.wav,0
audio_00767.wav,0
audio_00768.wav,0
audio_00769.wav,0
audio_00770.wav,0
audio_00771.wav,0
audio_00772.wav,0
audio_00773.wav,0
audio_00774.wav,0
audio_00775.wav,0
audio_00776.wav,0
audio_00777.wav,0
audio_00778.wav,0
audio_00779.wav,0
audio_00780.wav,0
audio_00781.wav,0
audio_00782.wav,0
audio_00783.wav,0
audio_00784.wav,0
audio_00785.wav,0
audio_00786.wav,0
audio_00787.wav,0
audio_00788.wav,0
audio_00789.wav,0
audio_00790.wav,0
audio_00791.wav,0
audio_00792.wav,0
audio_00793.wav,0
audio_00794.wav,0
audio_00795.wav,0
audio_00796.wav,0
audio_00797.wav,0
audio_00798.wav,0
audio_00799.wav,0
audio_00800.wav,0
audio_00801.wav,0
audio_00802.wav,0
audio_00803.wav,0
audio_00804.wav,0
audio_00805.wav,0
audio_00806.wav,0
audio_00807.wav,0
audio_00808.wav,0
audio_00809.wav,0
audio_00810.wav,0
audio_00811.wav,0
audio_00812.wav,0
audio_00813.wav,0
audio_00814.wav,0
audio_00815.wav,0
audio_00816.wav,0
audio_00817.wav,0
audio_00818.wav,0
audio_00819.wav,0
audio_00820.wav,0
audio_00821.wav,0
audio_00822.wav,0
audio_00823.wav,0
audio_00824.wav,0
audio_00825.wav,0
audio_00826.wav,0
audio_00827.wav,0
audio_00828.wav,0
audio_00829.wav,0
audio_00830.wav,0
audio_00831.wav,0
audio_00832.wav,0
audio_00833.wav,0
audio_00834.wav,0
audio_00835.wav,0
audio_00836.wav,0
audio_00837.wav,0
audio_00838.wav,0
audio_00839.wav,0
audio_00840.wav,0
audio_00841.wav,0
audio_00842.wav,0
audio_00843.wav,0
audio_00844.wav,0
audio_00845.wav,0
audio_00846.wav,0
audio_00847.wav,0
audio_00848.wav,0
audio_00849.wav,0
audio_00850.wav,0
audio_00851.wav,0
audio_00852.wav,0
audio_00853.wav,0
audio_00854.wav,0
audio_00855.wav,0
audio_00856.wav,0
audio_00857.wav,0
audio_00858.wav,0
audio_00859.wav,0
audio_00860.wav,0
audio_00861.wav,0
audio_00862.wav,0
audio_00863.wav,0
audio_00864.wav,0
audio_00865.wav,0
audio_00866.wav,0
audio_00867.wav,0
audio_00868.wav,0
audio_00869.wav,0
audio_00870.wav,0
audio_00871.wav,0
audio_00872.wav,0
audio_00873.wav,0
audio_00874.wav,0
audio_00875.wav,0
audio_00876.wav,0
audio_00877.wav,0
audio_00878.wav,0
audio_00879.wav,0
audio_00880.wav,0
audio_00881.wav,0
audio_00882.wav,0
audio_00883.wav,0
audio_00884.wav,0
audio_00885.wav,0
audio_00886.wav,0
audio_00887.wav,0
audio_00888.wav,0
audio_00889.wav,0
audio_00890.wav,0
audio_00891.wav,0
audio_00892.wav,0
audio_00893.wav,0
audio_00894.wav,0
audio_00895.wav,0
audio_00896.wav,0
audio_00897.wav,0
audio_00898.wav,0
audio_00899.wav,0
audio_00900.wav,0
audio_00901.wav,0
audio_00902.wav,0
audio_00903.wav,0
audio_00904.wav,0
audio_00905.wav,0
audio_00906.wav,0
audio_00907.wav,0
audio_00908.wav,0
audio_00909.wav,0
audio_00910.wav,0
audio_00911.wav,0
audio_00912.wav,0
audio_00913.wav,0
audio_00914.wav,0
audio_00915.wav,0
audio_00916.wav,0
audio_00917.wav,0
audio_00918.wav,0
audio_00919.wav,0
audio_00920.wav,0
audio_00921.wav,0
audio_00922.wav,0
audio_00923.wav,0
audio_00924.wav,0
audio_00925.wav,0
audio_00926.wav,0
audio_00927.wav,0
audio_00928.wav,0
audio_00929.wav,0
audio_00930.wav,0
audio_00931.wav,0
audio_00932.wav,0
audio_00933.wav,0
audio_00934.wav,0
audio_00935.wav,0
audio_00936.wav,0
audio_00937.wav,0
audio_00938.wav,0
audio_00939.wav,0
audio_00940.wav,0
audio_00941.wav,0
audio_00942.wav,0
audio_00943.wav,0
audio_00944.wav,0
audio_00945.wav,0
audio_00946.wav,0
audio_00947.wav,0
audio_00948.wav,0
audio_00949.wav,0
audio_00950.wav,0
audio_00951.wav,0
audio_00952.wav,0
audio_00953.wav,0
audio_00954.wav,0
audio_00955.wav,0
audio_00956.wav,0
audio_00957.wav,0
audio_00958.wav,0
audio_00959.wav,0
audio_00960.wav,0
audio_00961.wav,0
audio_00962.wav,0
audio_00963.wav,0
audio_00964.wav,0
audio_00965.wav,0
audio_00966.wav,0
audio_00967.wav,0
audio_00968.wav,0
audio_00969.wav,0
audio_00970.wav,0
audio_00971.wav,0
audio_00972.wav,0
audio_00973.wav,0
audio_00974.wav,0
audio_00975.wav,0
audio_00976.wav,0
audio_00977.wav,0
audio_00978.wav,0
audio_00979.wav,0
audio_00980.wav,0
audio_00981.wav,0
audio_00982.wav,0
audio_00983.wav,0
audio_00984.wav,0
audio_00985.wav,0
audio_00986.wav,0
audio_00987.wav,0
audio_00988.wav,0
audio_00989.wav,0
audio_00990.wav,0
audio_00991.wav,0
audio_00992.wav,0
audio_00993.wav,0
audio_00994.wav,0
audio_00995.wav,0
audio_00996.wav,0
audio_00997.wav,0
audio_00998.wav,0
audio_00999.wav,0
audio_01000.wav,0
audio_01001.wav,0
audio_01002.wav,0
audio_01003.wav,0
audio_01004.wav,0
audio_01005.wav,0
audio_01006.wav,0
audio_01007.wav,0
audio_01008.wav,0
audio_01009.wav,0
audio_01010.wav,0
audio_01011.wav,0
audio_01012.wav,0
audio_01013.wav,0
audio_01014.wav,0
audio_01015.wav,0
audio_01016.wav,0
audio_01017.wav,0
audio_01018.wav,0
audio_01019.wav,0
audio_01020.wav,0
audio_01021.wav,0
audio_01022.wav,0
audio_01023.wav,0
audio_01024.wav,0
audio_01025.wav,0
audio_01026.wav,0
audio_01027.wav,0
audio_01028.wav,0
audio_01029.wav,0
audio_01030.wav,0
audio_01031.wav,0
audio_01032.wav,0
audio_01033.wav,0
audio_01034.wav,0
audio_01035.wav,0
audio_01036.wav,0
audio_01037.wav,0
audio_01038.wav,0
audio_01039.wav,0
audio_01040.wav,0
audio_01041.wav,0
audio_01042.wav,0
audio_01043.wav,0
audio_01044.wav,0
audio_01045.wav,0
audio_01046.wav,0
audio_01047.wav,0
audio_01048.wav,0
audio_01049.wav,0
audio_01050.wav,0
audio_01051.wav,0
audio_01052.wav,0
audio_01053.wav,0
audio_01054.wav,0
audio_01055.wav,0
audio_01056.wav,0
audio_01057.wav,0
audio_01058.wav,0
audio_01059.wav,0
audio_01060.wav,0
audio_01061.wav,0
audio_01062.wav,0
audio_01063.wav,0
audio_01064.wav,0
audio_01065.wav,0
audio_01066.wav,0
audio_01067.wav,0
audio_01068.wav,0
audio_01069.wav,0
audio_01070.wav,0
audio_01071.wav,0
audio_01072.wav,0
audio_01073.wav,0
audio_01074.wav,0
audio_01075.wav,0
audio_01076.wav,0
audio_01077.wav,0
audio_01078.wav,0
audio_01079.wav,0
audio_01080.wav,0
audio_01081.wav,0
audio_01082.wav,0
audio_01083.wav,0
audio_01084.wav,0
audio_01085.wav,0
audio_01086.wav,0
audio_01087.wav,0
audio_01088.wav,0
audio_01089.wav,0
audio_01090.wav,0
audio_01091.wav,0
audio_01092.wav,0
audio_01093.wav,0
audio_01094.wav,0
audio_01095.wav,0
audio_01096.wav,0
audio_01097.wav,0
audio_01098.wav,0
audio_01099.wav,0
audio_01100.wav,0
audio_01101.wav,0
audio_01102.wav,0
audio_01103.wav,0
audio_01104.wav,0
audio_01105.wav,0
audio_01106.wav,0
audio_01107.wav,0
audio_01108.wav,0
audio_01109.wav,0
audio_01110.wav,0
audio_01111.wav,0
audio_01112.wav,0
audio_01113.wav,0
audio_01114.wav,0
audio_01115.wav,0
audio_01116.wav,0
audio_01117.wav,0
audio_01118.wav,0
audio_01119.wav,0
audio_01120.wav,0
audio_01121.wav,0
audio_01122.wav,0
audio_01123.wav,0
audio_01124.wav,0
audio_01125.wav,0
audio_01126.wav,0
audio_01127.wav,0
audio_01128.wav,0
audio_01129.wav,0
audio_01130.wav,0
audio_01131.wav,0
audio_01132.wav,0
audio_01133.wav,0
audio_01134.wav,0
audio_01135.wav,0
audio_01136.wav,0
audio_01137.wav,0
audio_01138.wav,0
audio_01139.wav,0
audio_01140.wav,0
audio_01141.wav,0
audio_01142.wav,0
audio_01143.wav,0
audio_01144.wav,0
audio_01145.wav,0
audio_01146.wav,0
audio_01147.wav,0
audio_01148.wav,0
audio_01149.wav,0
audio_01150.wav,0
audio_01151.wav,0
audio_01152.wav,0
audio_01153.wav,0
audio_01154.wav,0
audio_01155.wav,0
audio_01156.wav,0
audio_01157.wav,0
audio_01158.wav,0
audio_01159.wav,0
audio_01160.wav,0
audio_01161.wav,0
audio_01162.wav,0
audio_01163.wav,0
audio_01164.wav,0
audio_01165.wav,0
audio_01166.wav,0
audio_01167.wav,0
audio_01168.wav,0
audio_01169.wav,0
audio_01170.wav,0
audio_01171.wav,0
audio_01172.wav,0
audio_01173.wav,0
audio_01174.wav,0
audio_01175.wav,0
audio_01176.wav,0
audio_01177.wav,0
audio_01178.wav,0
audio_01179.wav,0
audio_01180.wav,0
audio_01181.wav,0
audio_01182.wav,0
audio_01183.wav,0
audio_01184.wav,0
audio_01185.wav,0
audio_01186.wav,0
audio_01187.wav,0
audio_01188.wav,0
audio_01189.wav,0
audio_01190.wav,0
audio_01191.wav,0
audio_01192.wav,0
audio_01193.wav,0
audio_01194.wav,0
audio_01195.wav,0
audio_01196.wav,0
audio_01197.wav,0
audio_01198.wav,0
audio_01199.wav,0
audio_01200.wav,0
audio_01201.wav,0
audio_01202.wav,0
audio_01203.wav,0
audio_01204.wav,0
audio_01205.wav,0
audio_01206.wav,0
audio_01207.wav,0
audio_01208.wav,0
audio_01209.wav,0
audio_01210.wav,0
audio_01211.wav,0
audio_01212.wav,0
audio_01213.wav,0
audio_01214.wav,0
audio_01215.wav,0
audio_01216.wav,0
audio_01217.wav,0
audio_01218.wav,0
audio_01219.wav,0
audio_01220.wav,0
audio_01221.wav,0
audio_01222.wav,0
audio_01223.wav,0
audio_01224.wav,0
audio_01225.wav,0
audio_01226.wav,0
audio_01227.wav,0
audio_01228.wav,0
audio_01229.wav,0
audio_01230.wav,0
audio_01231.wav,0
audio_01232.wav,0
audio_01233.wav,0
audio_01234.wav,0
audio_01235.wav,0
audio_01236.wav,0
audio_01237.wav,0
audio_01238.wav,0
audio_01239.wav,0
audio_01240.wav,0
audio_01241.wav,0
audio_01242.wav,0
audio_01243.wav,0
audio_01244.wav,0
audio_01245.wav,0
audio_01246.wav,0
audio_01247.wav,0
audio_01248.wav,0
audio_01249.wav,0
audio_01250.wav,0
audio_01251.wav,0
audio_01252.wav,0
audio_01253.wav,0
audio_01254.wav,0
audio_01255.wav,0
audio_01256.wav,0
audio_01257.wav,0
audio_01258.wav,0
audio_01259.wav,0
audio_01260.wav,0
audio_01261.wav,0
audio_01262.wav,0
audio_01263.wav,0
audio_01264.wav,0
audio_01265.wav,0
audio_01266.wav,0
audio_01267.wav,0
audio_01268.wav,0
audio_01269.wav,0
audio_01270.wav,0
audio_01271.wav,0
audio_01272.wav,0
audio_01273.wav,0
audio_01274.wav,0
audio_01275.wav,0
audio_01276.wav,0
audio_01277.wav,0
audio_01278.wav,0
audio_01279.wav,0
audio_01280.wav,0
audio_01281.wav,0
audio_01282.wav,0
audio_01283.wav,0
audio_01284.wav,0
audio_01285.wav,0
audio_01286.wav,0
audio_01287.wav,0
audio_01288.wav,0
audio_01289.wav,0
audio_01290.wav,0
audio_01291.wav,0
audio_01292.wav,0
audio_01293.wav,0
audio_01294.wav,0
audio_01295.wav,0
audio_01296.wav,0
audio_01297.wav,0
audio_01298.wav,0
audio_01299.wav,0
audio_01300.wav,0
audio_01301.wav,0
audio_01302.wav,0
audio_01303.wav,0
audio_01304.wav,0
audio_01305.wav,0
audio_01306.wav,0
audio_01307.wav,0
audio_01308.wav,0
audio_01309.wav,0
audio_01310.wav,0
audio_01311.wav,0
audio_01312.wav,0
audio_01313.wav,0
audio_01314.wav,0
audio_01315.wav,0
audio_01316.wav,0
audio_01317.wav,0
audio_01318.wav,0
audio_01319.wav,0
audio_01320.wav,0
audio_01321.wav,0
audio_01322.wav,0
audio_01323.wav,0
audio_01324.wav,0
audio_01325.wav,0
audio_01326.wav,0
audio_01327.wav,0
audio_01328.wav,0
audio_01329.wav,0
audio_01330.wav,0
audio_01331.wav,0
audio_01332.wav,0
audio_01333.wav,0
audio_01334.wav,0
audio_01335.wav,0
audio_01336.wav,0
audio_01337.wav,0
audio_01338.wav,0
audio_01339.wav,0
audio_01340.wav,0
audio_01341.wav,0
audio_01342.wav,0
audio_01343.wav,0
audio_01344.wav,0
audio_01345.wav,0
audio_01346.wav,0
audio_01347.wav,0
audio_01348.wav,0
audio_01349.wav,0
audio_01350.wav,0
audio_01351.wav,0
audio_01352.wav,0
audio_01353.wav,0
audio_01354.wav,0
audio_01355.wav,0
audio_01356.wav,0
audio_01357.wav,0
audio_01358.wav,0
audio_01359.wav,0
audio_01360.wav,0
audio_01361.wav,0
audio_01362.wav,0
audio_01363.wav,0
audio_01364.wav,0
audio_01365.wav,0
audio_01366.wav,0
audio_01367.wav,0
audio_01368.wav,0
audio_01369.wav,0
audio_01370.wav,0
audio_01371.wav,0
audio_01372.wav,0
audio_01373.wav,0
audio_01374.wav,0
audio_01375.wav,0
audio_01376.wav,0
audio_01377.wav,0
audio_01378.wav,0
audio_01379.wav,0
audio_01380.wav,0
audio_01381.wav,0
audio_01382.wav,0
audio_01383.wav,0
audio_01384.wav,0
audio_01385.wav,0
audio_01386.wav,0
audio_01387.wav,0
audio_01388.wav,0
audio_01389.wav,0
audio_01390.wav,0
audio_01391.wav,0
audio_01392.wav,0
audio_01393.wav,0
audio_01394.wav,0
audio_01395.wav,0
audio_01396.wav,0
audio_01397.wav,0
audio_01398.wav,0
audio_01399.wav,0
audio_01400.wav,0
audio_01401.wav,0
audio_01402.wav,0
audio_01403.wav,0
audio_01404.wav,0
audio_01405.wav,0
audio_01406.wav,0
audio_01407.wav,0
audio_01408.wav,0
audio_01409.wav,0
audio_01410.wav,0
audio_01411.wav,0
audio_01412.wav,0
audio_01413.wav,0
audio_01414.wav,0
audio_01415.wav,0
audio_01416.wav,0
audio_01417.wav,0
audio_01418.wav,0
audio_01419.wav,0
audio_01420.wav,0
audio_01421.wav,0
audio_01422.wav,0
audio_01423.wav,0
audio_01424.wav,0
audio_01425.wav,0
audio_01426.wav,0
audio_01427.wav,0
audio_01428.wav,0
audio_01429.wav,0
audio_01430.wav,0
audio_01431.wav,0
audio_01432.wav,0
audio_01433.wav,0
audio_01434.wav,0
audio_01435.wav,0
audio_01436.wav,0
audio_01437.wav,0
audio_01438.wav,0
audio_01439.wav,0
audio_01440.wav,0
audio_01441.wav,0
audio_01442.wav,0
audio_01443.wav,0
audio_01444.wav,0
audio_01445.wav,0
audio_01446.wav,0
audio_01447.wav,0
audio_01448.wav,0
audio_01449.wav,0
audio_01450.wav,0
audio_01451.wav,0
audio_01452.wav,0
audio_01453.wav,0
audio_01454.wav,0
audio_01455.wav,0
audio_01456.wav,0
audio_01457.wav,0
audio_01458.wav,0
audio_01459.wav,0
audio_01460.wav,0
audio_01461.wav,0
audio_01462.wav,0
audio_01463.wav,0
audio_01464.wav,0
audio_01465.wav,0
audio_01466.wav,0
audio_01467.wav,0
audio_01468.wav,0
audio_01469.wav,0
audio_01470.wav,0
audio_01471.wav,0
audio_01472.wav,0
audio_01473.wav,0
audio_01474.wav,0
audio_01475.wav,0
audio_01476.wav,0
audio_01477.wav,0
audio_01478.wav,0
audio_01479.wav,0
audio_01480.wav,0
audio_01481.wav,0
audio_01482.wav,0
audio_01483.wav,0
audio_01484.wav,0
audio_01485.wav,0
audio_01486.wav,0
audio_01487.wav,0
audio_01488.wav,0
audio_01489.wav,0
audio_01490.wav,0
audio_01491.wav,0
audio_01492.wav,0
audio_01493.wav,0
audio_01494.wav,0
audio_01495.wav,0
audio_01496.wav,0
audio_01497.wav,0
audio_01498.wav,0
audio_01499.wav,0
audio_01500.wav,0
audio_01501.wav,0
audio_01502.wav,0
audio_01503.wav,0
audio_01504.wav,0
audio_01505.wav,0
audio_01506.wav,0
audio_01507.wav,0
audio_01508.wav,0
audio_01509.wav,0
audio_01510.wav,0
audio_01511.wav,0
audio_01512.wav,0
audio_01513.wav,0
audio_01514.wav,0
audio_01515.wav,0
audio_01516.wav,0
audio_01517.wav,0
audio_01518.wav,0
audio_01519.wav,0
audio_01520.wav,0
audio_01521.wav,0
audio_01522.wav,0
audio_01523.wav,0
audio_01524.wav,0
audio_01525.wav,0
audio_01526.wav,0
audio_01527.wav,0
audio_01528.wav,0
audio_01529.wav,0
audio_01530.wav,0
audio_01531.wav,0
audio_01532.wav,0
audio_01533.wav,0
audio_01534.wav,0
audio_01535.wav,0
audio_01536.wav,0
audio_01537.wav,0
audio_01538.wav,0
audio_01539.wav,0
audio_01540.wav,0
audio_01541.wav,0
audio_01542.wav,0
audio_01543.wav,0
audio_01544.wav,0
audio_01545.wav,0
audio_01546.wav,0
audio_01547.wav,0
audio_01548.wav,0
audio_01549.wav,0
audio_01550.wav,0
audio_01551.wav,0
audio_01552.wav,0
audio_01553.wav,0
audio_01554.wav,0
audio_01555.wav,0
audio_01556.wav,0
audio_01557.wav,0
audio_01558.wav,0
audio_01559.wav,0
audio_01560.wav,0
audio_01561.wav,0
audio_01562.wav,0
audio_01563.wav,0
audio_01564.wav,0
audio_01565.wav,0
audio_01566.wav,0
audio_01567.wav,0
audio_01568.wav,0
audio_01569.wav,0
audio_01570.wav,0
audio_01571.wav,0
audio_01572.wav,0
audio_01573.wav,0
audio_01574.wav,0
audio_01575.wav,0
audio_01576.wav,0
audio_01577.wav,0
audio_01578.wav,0
audio_01579.wav,0
audio_01580.wav,0
audio_01581.wav,0
audio_01582.wav,0
audio_01583.wav,0
audio_01584.wav,0
audio_01585.wav,0
audio_01586.wav,0
audio_01587.wav,0
audio_01588.wav,0
audio_01589.wav,0
audio_01590.wav,0
audio_01591.wav,0
audio_01592.wav,0
audio_01593.wav,0
audio_01594.wav,0
audio_01595.wav,0
audio_01596.wav,0
audio_01597.wav,0
audio_01598.wav,0
audio_01599.wav,0
audio_01600.wav,0
audio_01601.wav,0
audio_01602.wav,0
audio_01603.wav,0
audio_01604.wav,0
audio_01605.wav,0
audio_01606.wav,0
audio_01607.wav,0
audio_01608.wav,0
audio_01609.wav,0
audio_01610.wav,0
audio_01611.wav,0
audio_01612.wav,0
audio_01613.wav,0
audio_01614.wav,0
audio_01615.wav,0
audio_01616.wav,0
audio_01617.wav,0
audio_01618.wav,0
audio_01619.wav,0
audio_01620.wav,0
audio_01621.wav,0
audio_01622.wav,0
audio_01623.wav,0
audio_01624.wav,0
audio_01625.wav,0
audio_01626.wav,0
audio_01627.wav,0
audio_01628.wav,0
audio_01629.wav,0
audio_01630.wav,0
audio_01631.wav,0
audio_01632.wav,0
audio_01633.wav,0
audio_01634.wav,0
audio_01635.wav,0
audio_01636.wav,0
audio_01637.wav,0
audio_01638.wav,0
audio_01639.wav,0
audio_01640.wav,0
audio_01641.wav,0
audio_01642.wav,0
audio_01643.wav,0
audio_01644.wav,0
audio_01645.wav,0
audio_01646.wav,0
audio_01647.wav,0
audio_01648.wav,0
audio_01649.wav,0
audio_01650.wav,0
audio_01651.wav,0
audio_01652.wav,0
audio_01653.wav,0
audio_01654.wav,0
audio_01655.wav,0
audio_01656.wav,0
audio_01657.wav,0
audio_01658.wav,0
audio_01659.wav,0
audio_01660.wav,0
audio_01661.wav,0
audio_01662.wav,0
audio_01663.wav,0
audio_01664.wav,0
audio_01665.wav,0
audio_01666.wav,0
audio_01667.wav,0
audio_01668.wav,0
audio_01669.wav,0
audio_01670.wav,0
audio_01671.wav,0
audio_01672.wav,0
audio_01673.wav,0
audio_01674.wav,0
audio_01675.wav,0
audio_01676.wav,0
audio_01677.wav,0
audio_01678.wav,0
audio_01679.wav,0
audio_01680.wav,0
audio_01681.wav,0
audio_01682.wav,0
audio_01683.wav,0
audio_01684.wav,0
audio_01685.wav,0
audio_01686.wav,0
audio_01687.wav,0
audio_01688.wav,0
audio_01689.wav,0
audio_01690.wav,0
audio_01691.wav,0
audio_01692.wav,0
audio_01693.wav,0
audio_01694.wav,0
audio_01695.wav,0
audio_01696.wav,0
audio_01697.wav,0
audio_01698.wav,0
audio_01699.wav,0
audio_01700.wav,0
audio_01701.wav,0
audio_01702.wav,0
audio_01703.wav,0
audio_01704.wav,0
audio_01705.wav,0
audio_01706.wav,0
audio_01707.wav,0
audio_01708.wav,0
audio_01709.wav,0
audio_01710.wav,0
audio_01711.wav,0
audio_01712.wav,0
audio_01713.wav,0
audio_01714.wav,0
audio_01715.wav,0
audio_01716.wav,0
audio_01717.wav,0
audio_01718.wav,0
audio_01719.wav,0
audio_01720.wav,0
audio_01721.wav,0
audio_01722.wav,0
audio_01723.wav,0
audio_01724.wav,0
audio_01725.wav,0
audio_01726.wav,0
audio_01727.wav,0
audio_01728.wav,0
audio_01729.wav,0
audio_01730.wav,0
audio_01731.wav,0
audio_01732.wav,0
audio_01733.wav,0
audio_01734.wav,0
audio_01735.wav,0
audio_01736.wav,0
audio_01737.wav,0
audio_01738.wav,0
audio_01739.wav,0
audio_01740.wav,0
audio_01741.wav,0
audio_01742.wav,0
audio_01743.wav,0
audio_01744.wav,0
audio_01745.wav,0
audio_01746.wav,0
audio_01747.wav,0
audio_01748.wav,0
audio_01749.wav,0
audio_01750.wav,0
audio_01751.wav,0
audio_01752.wav,0
audio_01753.wav,0
audio_01754.wav,0
audio_01755.wav,0
audio_01756.wav,0
audio_01757.wav,0
audio_01758.wav,0
audio_01759.wav,0
audio_01760.wav,0
audio_01761.wav,0
audio_01762.wav,0
audio_01763.wav,0
audio_01764.wav,0
audio_01765.wav,0
audio_01766.wav,0
audio_01767.wav,0
audio_01768.wav,0
audio_01769.wav,0
audio_01770.wav,0
audio_01771.wav,0
audio_01772.wav,0
audio_01773.wav,0
audio_01774.wav,0
audio_01775.wav,0
audio_01776.wav,0
audio_01777.wav,0
audio_01778.wav,0
audio_01779.wav,0
audio_01780.wav,0
audio_01781.wav,0
audio_01782.wav,0
audio_01783.wav,0
audio_01784.wav,0
audio_01785.wav,0
audio_01786.wav,0
audio_01787.wav,0
audio_01788.wav,0
audio_01789.wav,0
audio_01790.wav,0
audio_01791.wav,0
audio_01792.wav,0
audio_01793.wav,0
audio_01794.wav,0
audio_01795.wav,0
audio_01796.wav,0
audio_01797.wav,0
audio_01798.wav,0
audio_01799.wav,0
audio_01800.wav,0
audio_01801.wav,0
audio_01802.wav,0
audio_01803.wav,0
audio_01804.wav,0
audio_01805.wav,0
audio_01806.wav,0
audio_01807.wav,0
audio_01808.wav,0
audio_01809.wav,0
audio_01810.wav,0
audio_01811.wav,0
audio_01812.wav,0
audio_01813.wav,0
audio_01814.wav,0
audio_01815.wav,0
audio_01816.wav,0
audio_01817.wav,0
audio_01818.wav,0
audio_01819.wav,0
audio_01820.wav,0
audio_01821.wav,0
audio_01822.wav,0
audio_01823.wav,0
audio_01824.wav,0
audio_01825.wav,0
audio_01826.wav,0
audio_01827.wav,0
audio_01828.wav,0
audio_01829.wav,0
audio_01830.wav,0
audio_01831.wav,0
audio_01832.wav,0
audio_01833.wav,0
audio_01834.wav,0
audio_01835.wav,0
audio_01836.wav,0
audio_01837.wav,0
audio_01838.wav,0
audio_01839.wav,0
audio_01840.wav,0
audio_01841.wav,0
audio_01842.wav,0
audio_01843.wav,0
audio_01844.wav,0
audio_01845.wav,0
audio_01846.wav,0
audio_01847.wav,0
audio_01848.wav,0
audio_01849.wav,0
audio_01850.wav,0
audio_01851.wav,0
audio_01852.wav,0
audio_01853.wav,0
audio_01854.wav,0
audio_01855.wav,0
audio_01856.wav,0
audio_01857.wav,0
audio_01858.wav,0
audio_01859.wav,0
audio_01860.wav,0
audio_01861.wav,0
audio_01862.wav,0
audio_01863.wav,0
audio_01864.wav,0
audio_01865.wav,0
audio_01866.wav,0
audio_01867.wav,0
audio_01868.wav,0
audio_01869.wav,0
audio_01870.wav,0
audio_01871.wav,0
audio_01872.wav,0
audio_01873.wav,0
audio_01874.wav,0
audio_01875.wav,0
audio_01876.wav,0
audio_01877.wav,0
audio_01878.wav,0
audio_01879.wav,0
audio_01880.wav,0
audio_01881.wav,0
audio_01882.wav,0
audio_01883.wav,0
audio_01884.wav,0
audio_01885.wav,0
audio_01886.wav,0
audio_01887.wav,0
audio_01888.wav,0
audio_01889.wav,0
audio_01890.wav,0
audio_01891.wav,0
audio_01892.wav,0
audio_01893.wav,0
audio_01894.wav,0
audio_01895.wav,0
audio_01896.wav,0
audio_01897.wav,0
audio_01898.wav,0
audio_01899.wav,0
audio_01900.wav,0
audio_01901.wav,0
audio_01902.wav,0
audio_01903.wav,0
audio_01904.wav,0
audio_01905.wav,0
audio_01906.wav,0
audio_01907.wav,0
audio_01908.wav,0
audio_01909.wav,0
audio_01910.wav,0
audio_01911.wav,0
audio_01912.wav,0
audio_01913.wav,0
audio_01914.wav,0
audio_01915.wav,0
audio_01916.wav,0
audio_01917.wav,0
audio_01918.wav,0
audio_01919.wav,0
audio_01920.wav,0
audio_01921.wav,0
audio_01922.wav,0
audio_01923.wav,0
audio_01924.wav,0
audio_01925.wav,0
audio_01926.wav,0
audio_01927.wav,0
audio_01928.wav,0
audio_01929.wav,0
audio_01930.wav,0
audio_01931.wav,0
audio_01932.wav,0
audio_01933.wav,0
audio_01934.wav,0
audio_01935.wav,0
audio_01936.wav,0
audio_01937.wav,0
audio_01938.wav,0
audio_01939.wav,0
audio_01940.wav,0
audio_01941.wav,0
audio_01942.wav,0
audio_01943.wav,0
audio_01944.wav,0
audio_01945.wav,0
audio_01946.wav,0
audio_01947.wav,0
audio_01948.wav,0
audio_01949.wav,0
audio_01950.wav,0
audio_01951.wav,0
audio_01952.wav,0
audio_01953.wav,0
audio_01954.wav,0
audio_01955.wav,0
audio_01956.wav,0
audio_01957.wav,0
audio_01958.wav,0
audio_01959.wav,0
audio_01960.wav,0
audio_01961.wav,0
audio_01962.wav,0
audio_01963.wav,0
audio_01964.wav,0
audio_01965.wav,0
audio_01966.wav,0
audio_01967.wav,0
audio_01968.wav,0
audio_01969.wav,0
audio_01970.wav,0
audio_01971.wav,0
audio_01972.wav,0
audio_01973.wav,0
audio_01974.wav,0
audio_01975.wav,0
audio_01976.wav,0
audio_01977.wav,0
audio_01978.wav,0
audio_01979.wav,0
audio_01980.wav,0
audio_01981.wav,0
audio_01982.wav,0
audio_01983.wav,0
audio_01984.wav,0
audio_01985.wav,0
audio_01986.wav,0
audio_01987.wav,0
audio_01988.wav,0
audio_01989.wav,0
audio_01990.wav,0
audio_01991.wav,0
audio_01992.wav,0
audio_01993.wav,0
audio_01994.wav,0
audio_01995.wav,0
audio_01996.wav,0
audio_01997.wav,0
audio_01998.wav,0
audio_01999.wav,0
audio_02000.wav,0
audio_02001.wav,0
audio_02002.wav,0
audio_02003.wav,0
audio_02004.wav,0
audio_02005.wav,0
audio_02006.wav,0
audio_02007.wav,0
audio_02008.wav,0
audio_02009.wav,0
audio_02010.wav,0
audio_02011.wav,0
audio_02012.wav,0
audio_02013.wav,0
audio_02014.wav,0
audio_02015.wav,0
audio_02016.wav,0
audio_02017.wav,0
audio_02018.wav,0
audio_02019.wav,0
audio_02020.wav,0
audio_02021.wav,0
audio_02022.wav,0
audio_02023.wav,0
audio_02024.wav,0
audio_02025.wav,0
audio_02026.wav,0
audio_02027.wav,0
audio_02028.wav,0
audio_02029.wav,0
audio_02030.wav,0
audio_02031.wav,0
audio_02032.wav,0
audio_02033.wav,0
audio_02034.wav,0
audio_02035.wav,0
audio_02036.wav,0
audio_02037.wav,0
audio_02038.wav,0
audio_02039.wav,0
audio_02040.wav,0
audio_02041.wav,0
audio_02042.wav,0
audio_02043.wav,0
audio_02044.wav,0
audio_02045.wav,0
audio_02046.wav,0
audio_02047.wav,0
audio_02048.wav,0
audio_02049.wav,0
audio_02050.wav,0
audio_02051.wav,0
audio_02052.wav,0
audio_02053.wav,0
audio_02054.wav,0
audio_02055.wav,0
audio_02056.wav,0
audio_02057.wav,0
audio_02058.wav,0
audio_02059.wav,0
audio_02060.wav,0
audio_02061.wav,0
audio_02062.wav,0
audio_02063.wav,0
audio_02064.wav,0
audio_02065.wav,0
audio_02066.wav,0
audio_02067.wav,0
audio_02068.wav,0
audio_02069.wav,0
audio_02070.wav,0
audio_02071.wav,0
audio_02072.wav,0
audio_02073.wav,0
audio_02074.wav,0
audio_02075.wav,0
audio_02076.wav,0
audio_02077.wav,0
audio_02078.wav,0
audio_02079.wav,0
audio_02080.wav,0
audio_02081.wav,0
audio_02082.wav,0
audio_02083.wav,0
audio_02084.wav,0
audio_02085.wav,0
audio_02086.wav,0
audio_02087.wav,0
audio_02088.wav,0
audio_02089.wav,0
audio_02090.wav,0
audio_02091.wav,0
audio_02092.wav,0
audio_02093.wav,0
audio_02094.wav,0
audio_02095.wav,0
audio_02096.wav,0
audio_02097.wav,0
audio_02098.wav,0
audio_02099.wav,0
audio_02100.wav,0
audio_02101.wav,0
audio_02102.wav,0
audio_02103.wav,0
audio_02104.wav,0
audio_02105.wav,0
audio_02106.wav,0
audio_02107.wav,0
audio_02108.wav,0
audio_02109.wav,0
audio_02110.wav,0
audio_02111.wav,0
audio_02112.wav,0
audio_02113.wav,0
audio_02114.wav,0
audio_02115.wav,0
audio_02116.wav,0
audio_02117.wav,0
audio_02118.wav,0
audio_02119.wav,0
audio_02120.wav,0
audio_02121.wav,0
audio_02122.wav,0
audio_02123.wav,0
audio_02124.wav,0
audio_02125.wav,0
audio_02126.wav,0
audio_02127.wav,0
audio_02128.wav,0
audio_02129.wav,0
audio_02130.wav,0
audio_02131.wav,0
audio_02132.wav,0
audio_02133.wav,0
audio_02134.wav,0
audio_02135.wav,0
audio_02136.wav,0
audio_02137.wav,0
audio_02138.wav,0
audio_02139.wav,0
audio_02140.wav,0
audio_02141.wav,0
audio_02142.wav,0
audio_02143.wav,0
audio_02144.wav,0
audio_02145.wav,0
audio_02146.wav,0
audio_02147.wav,0
audio_02148.wav,0
audio_02149.wav,0
audio_02150.wav,0
audio_02151.wav,0
audio_02152.wav,0
audio_02153.wav,0
audio_02154.wav,0
audio_02155.wav,0
audio_02156.wav,0
audio_02157.wav,0
audio_02158.wav,0
audio_02159.wav,0
audio_02160.wav,0
audio_02161.wav,0
audio_02162.wav,0
audio_02163.wav,0
audio_02164.wav,0
audio_02165.wav,0
audio_02166.wav,0
audio_02167.wav,0
audio_02168.wav,0
audio_02169.wav,0
audio_02170.wav,0
audio_02171.wav,0
audio_02172.wav,0
audio_02173.wav,0
audio_02174.wav,0
audio_02175.wav,0
audio_02176.wav,0
audio_02177.wav,0
audio_02178.wav,0
audio_02179.wav,0
audio_02180.wav,0
audio_02181.wav,0
audio_02182.wav,0
audio_02183.wav,0
audio_02184.wav,0
audio_02185.wav,0
audio_02186.wav,0
audio_02187.wav,0
audio_02188.wav,0
audio_02189.wav,0
audio_02190.wav,0
audio_02191.wav,0
audio_02192.wav,0
audio_02193.wav,0
audio_02194.wav,0
audio_02195.wav,0
audio_02196.wav,0
audio_02197.wav,0
audio_02198.wav,0
audio_02199.wav,0
audio_02200.wav,0
audio_02201.wav,0
audio_02202.wav,0
audio_02203.wav,0
audio_02204.wav,0
audio_02205.wav,0
audio_02206.wav,0
audio_02207.wav,0
audio_02208.wav,0
audio_02209.wav,0
audio_02210.wav,0
audio_02211.wav,0
audio_02212.wav,0
audio_02213.wav,0
audio_02214.wav,0
audio_02215.wav,0
audio_02216.wav,0
audio_02217.wav,0
audio_02218.wav,0
audio_02219.wav,0
audio_02220.wav,0
audio_02221.wav,0
audio_02222.wav,0
audio_02223.wav,0
audio_02224.wav,0
audio_02225.wav,0
audio_02226.wav,0
audio_02227.wav,0
audio_02228.wav,0
audio_02229.wav,0
audio_02230.wav,0
audio_02231.wav,0
audio_02232.wav,0
audio_02233.wav,0
audio_02234.wav,0
audio_02235.wav,0
audio_02236.wav,0
audio_02237.wav,0
audio_02238.wav,0
audio_02239.wav,0
audio_02240.wav,0
audio_02241.wav,0
audio_02242.wav,0
audio_02243.wav,0
audio_02244.wav,0
audio_02245.wav,0
audio_02246.wav,0
audio_02247.wav,0
audio_02248.wav,0
audio_02249.wav,0
audio_02250.wav,0
audio_02251.wav,0
audio_02252.wav,0
audio_02253.wav,0
audio_02254.wav,0
audio_02255.wav,0
audio_02256.wav,0
audio_02257.wav,0
audio_02258.wav,0
audio_02259.wav,0
audio_02260.wav,0
audio_02261.wav,0
audio_02262.wav,0
audio_02263.wav,0
audio_02264.wav,0
audio_02265.wav,0
audio_02266.wav,0
audio_02267.wav,0
audio_02268.wav,0
audio_02269.wav,0
audio_02270.wav,0
audio_02271.wav,0
audio_02272.wav,0
audio_02273.wav,0
audio_02274.wav,0
audio_02275.wav,0
audio_02276.wav,0
audio_02277.wav,0
audio_02278.wav,0
audio_02279.wav,0
audio_02280.wav,0
audio_02281.wav,0
audio_02282.wav,0
audio_02283.wav,0
audio_02284.wav,0
audio_02285.wav,0
audio_02286.wav,0
audio_02287.wav,0
audio_02288.wav,0
audio_02289.wav,0
audio_02290.wav,0
audio_02291.wav,0
audio_02292.wav,0
audio_02293.wav,0
audio_02294.wav,0
audio_02295.wav,0
audio_02296.wav,0
audio_02297.wav,0
audio_02298.wav,0
audio_02299.wav,0
audio_02300.wav,0
audio_02301.wav,0
audio_02302.wav,0
audio_02303.wav,0
audio_02304.wav,0
audio_02305.wav,0
audio_02306.wav,0
audio_02307.wav,0
audio_02308.wav,0
audio_02309.wav,0
audio_02310.wav,0
audio_02311.wav,0
audio_02312.wav,0
audio_02313.wav,0
audio_02314.wav,0
audio_02315.wav,0
audio_02316.wav,0
audio_02317.wav,0
audio_02318.wav,0
audio_02319.wav,0
audio_02320.wav,0
audio_02321.wav,0
audio_02322.wav,0
audio_02323.wav,0
audio_02324.wav,0
audio_02325.wav,0
audio_02326.wav,0
audio_02327.wav,0
audio_02328.wav,0
audio_02329.wav,0
audio_02330.wav,0
audio_02331.wav,0
audio_02332.wav,0
audio_02333.wav,0
audio_02334.wav,0
audio_02335.wav,0
audio_02336.wav,0
audio_02337.wav,0
audio_02338.wav,0
audio_02339.wav,0
audio_02340.wav,0
audio_02341.wav,0
audio_02342.wav,0
audio_02343.wav,0
audio_02344.wav,0
audio_02345.wav,0
audio_02346.wav,0
audio_02347.wav,0
audio_02348.wav,0
audio_02349.wav,0
audio_02350.wav,0
audio_02351.wav,0
audio_02352.wav,0
audio_02353.wav,0
audio_02354.wav,0
audio_02355.wav,0
audio_02356.wav,0
audio_02357.wav,0
audio_02358.wav,0
audio_02359.wav,0
audio_02360.wav,0
audio_02361.wav,0
audio_02362.wav,0
audio_02363.wav,0
audio_02364.wav,0
audio_02365.wav,0
audio_02366.wav,0
audio_02367.wav,0
audio_02368.wav,0
audio_02369.wav,0
audio_02370.wav,0
audio_02371.wav,0
audio_02372.wav,0
audio_02373.wav,0
audio_02374.wav,0
audio_02375.wav,0
audio_02376.wav,0
audio_02377.wav,0
audio_02378.wav,0
audio_02379.wav,0
audio_02380.wav,0
audio_02381.wav,0
audio_02382.wav,0
audio_02383.wav,0
audio_02384.wav,0
audio_02385.wav,0
audio_02386.wav,0
audio_02387.wav,0
audio_02388.wav,0
audio_02389.wav,0
audio_02390.wav,0
audio_02391.wav,0
audio_02392.wav,0
audio_02393.wav,0
audio_02394.wav,0
audio_02395.wav,0
audio_02396.wav,0
audio_02397.wav,0
audio_02398.wav,0
audio_02399.wav,0
audio_02400.wav,0
audio_02401.wav,0
audio_02402.wav,0
audio_02403.wav,0
audio_02404.wav,0
audio_02405.wav,0
audio_02406.wav,0
audio_02407.wav,0
audio_02408.wav,0
audio_02409.wav,0
audio_02410.wav,0
audio_02411.wav,0
audio_02412.wav,0
audio_02413.wav,0
audio_02414.wav,0
audio_02415.wav,0
audio_02416.wav,0
audio_02417.wav,0
audio_02418.wav,0
audio_02419.wav,0
audio_02420.wav,0
audio_02421.wav,0
audio_02422.wav,0
audio_02423.wav,0
audio_02424.wav,0
audio_02425.wav,0
audio_02426.wav,0
audio_02427.wav,0
audio_02428.wav,0
audio_02429.wav,0
audio_02430.wav,0
audio_02431.wav,0
audio_02432.wav,0
audio_02433.wav,0
audio_02434.wav,0
audio_02435.wav,0
audio_02436.wav,0
audio_02437.wav,0
audio_02438.wav,0
audio_02439.wav,0
audio_02440.wav,0
audio_02441.wav,0
audio_02442.wav,0
audio_02443.wav,0
audio_02444.wav,0
audio_02445.wav,0
audio_02446.wav,0
audio_02447.wav,0
audio_02448.wav,0
audio_02449.wav,0
audio_02450.wav,0
audio_02451.wav,0
audio_02452.wav,0
audio_02453.wav,0
audio_02454.wav,0
audio_02455.wav,0
audio_02456.wav,0
audio_02457.wav,0
audio_02458.wav,0
audio_02459.wav,0
audio_02460.wav,0
audio_02461.wav,0
audio_02462.wav,0
audio_02463.wav,0
audio_02464.wav,0
audio_02465.wav,0
audio_02466.wav,0
audio_02467.wav,0
audio_02468.wav,0
audio_02469.wav,0
audio_02470.wav,0
audio_02471.wav,0
audio_02472.wav,0
audio_02473.wav,0
audio_02474.wav,0
audio_02475.wav,0
audio_02476.wav,0
audio_02477.wav,0
audio_02478.wav,0
audio_02479.wav,0
audio_02480.wav,0
audio_02481.wav,0
audio_02482.wav,0
audio_02483.wav,0
audio_02484.wav,0
audio_02485.wav,0
audio_02486.wav,0
audio_02487.wav,0
audio_02488.wav,0
audio_02489.wav,0
audio_02490.wav,0
audio_02491.wav,0
audio_02492.wav,0
audio_02493.wav,0
audio_02494.wav,0
audio_02495.wav,0
audio_02496.wav,0
audio_02497.wav,0
audio_02498.wav,0
audio_02499.wav,0
audio_02500.wav,0
audio_02501.wav,0
audio_02502.wav,0
audio_02503.wav,0
audio_02504.wav,0
audio_02505.wav,0
audio_02506.wav,0
audio_02507.wav,0
audio_02508.wav,0
audio_02509.wav,0
audio_02510.wav,0
audio_02511.wav,0
audio_02512.wav,0
audio_02513.wav,0
audio_02514.wav,0
audio_02515.wav,0
audio_02516.wav,0
audio_02517.wav,0
audio_02518.wav,0
audio_02519.wav,0
audio_02520.wav,0
audio_02521.wav,0
audio_02522.wav,0
audio_02523.wav,0
audio_02524.wav,0
audio_02525.wav,0
audio_02526.wav,0
audio_02527.wav,0
audio_02528.wav,0
audio_02529.wav,0
audio_02530.wav,0
audio_02531.wav,0
audio_02532.wav,0
audio_02533.wav,0
audio_02534.wav,0
audio_02535.wav,0
audio_02536.wav,0
audio_02537.wav,0
audio_02538.wav,0
audio_02539.wav,0
audio_02540.wav,0
audio_02541.wav,0
audio_02542.wav,0
audio_02543.wav,0
audio_02544.wav,0
audio_02545.wav,0
audio_02546.wav,0
audio_02547.wav,0
audio_02548.wav,0
audio_02549.wav,0
audio_02550.wav,0
audio_02551.wav,0
audio_02552.wav,0
audio_02553.wav,0
audio_02554.wav,0
audio_02555.wav,0
audio_02556.wav,0
audio_02557.wav,0
audio_02558.wav,0
audio_02559.wav,0
audio_02560.wav,0
audio_02561.wav,0
audio_02562.wav,0
audio_02563.wav,0
audio_02564.wav,0
audio_02565.wav,0
audio_02566.wav,0
audio_02567.wav,0
audio_02568.wav,0
audio_02569.wav,0
audio_02570.wav,0
audio_02571.wav,0
audio_02572.wav,0
audio_02573.wav,0
audio_02574.wav,0
audio_02575.wav,0
audio_02576.wav,0
audio_02577.wav,0
audio_02578.wav,0
audio_02579.wav,0
audio_02580.wav,0
audio_02581.wav,0
audio_02582.wav,0
audio_02583.wav,0
audio_02584.wav,0
audio_02585.wav,0
audio_02586.wav,0
audio_02587.wav,0
audio_02588.wav,0
audio_02589.wav,0
audio_02590.wav,0
audio_02591.wav,0
audio_02592.wav,0
audio_02593.wav,0
audio_02594.wav,0
audio_02595.wav,0
audio_02596.wav,0
audio_02597.wav,0
audio_02598.wav,0
audio_02599.wav,0
audio_02600.wav,0
audio_02601.wav,0
audio_02602.wav,0
audio_02603.wav,0
audio_02604.wav,0
audio_02605.wav,0
audio_02606.wav,0
audio_02607.wav,0
audio_02608.wav,0
audio_02609.wav,0
audio_02610.wav,0
audio_02611.wav,0
audio_02612.wav,0
audio_02613.wav,0
audio_02614.wav,0
audio_02615.wav,0
audio_02616.wav,0
audio_02617.wav,0
audio_02618.wav,0
audio_02619.wav,0
audio_02620.wav,0
audio_02621.wav,0
audio_02622.wav,0
audio_02623.wav,0
audio_02624.wav,0
audio_02625.wav,0
audio_02626.wav,0
audio_02627.wav,0
audio_02628.wav,0
audio_02629.wav,0
audio_02630.wav,0
audio_02631.wav,0
audio_02632.wav,0
audio_02633.wav,0
audio_02634.wav,0
audio_02635.wav,0
audio_02636.wav,0
audio_02637.wav,0
audio_02638.wav,0
audio_02639.wav,0
audio_02640.wav,0
audio_02641.wav,0
audio_02642.wav,0
audio_02643.wav,0
audio_02644.wav,0
audio_02645.wav,0
audio_02646.wav,0
audio_02647.wav,0
audio_02648.wav,0
audio_02649.wav,0
audio_02650.wav,0
audio_02651.wav,0
audio_02652.wav,0
audio_02653.wav,0
audio_02654.wav,0
audio_02655.wav,0
audio_02656.wav,0
audio_02657.wav,0
audio_02658.wav,0
audio_02659.wav,0
audio_02660.wav,0
audio_02661.wav,0
audio_02662.wav,0
audio_02663.wav,0
audio_02664.wav,0
audio_02665.wav,0
audio_02666.wav,0
audio_02667.wav,0
audio_02668.wav,0
audio_02669.wav,0
audio_02670.wav,0
audio_02671.wav,0
audio_02672.wav,0
audio_02673.wav,0
audio_02674.wav,0
audio_02675.wav,0
audio_02676.wav,0
audio_02677.wav,0
audio_02678.wav,0
audio_02679.wav,0
audio_02680.wav,0
audio_02681.wav,0
audio_02682.wav,0
audio_02683.wav,0
audio_02684.wav,0
audio_02685.wav,0
audio_02686.wav,0
audio_02687.wav,0
audio_02688.wav,0
audio_02689.wav,0
audio_02690.wav,0
audio_02691.wav,0
audio_02692.wav,0
audio_02693.wav,0
audio_02694.wav,0
audio_02695.wav,0
audio_02696.wav,0
audio_02697.wav,0
audio_02698.wav,0
audio_02699.wav,0
audio_02700.wav,0
audio_02701.wav,0
audio_02702.wav,0
audio_02703.wav,0
audio_02704.wav,0
audio_02705.wav,0
audio_02706.wav,0
audio_02707.wav,0
audio_02708.wav,0
audio_02709.wav,0
audio_02710.wav,0
audio_02711.wav,0
audio_02712.wav,0
audio_02713.wav,0
audio_02714.wav,0
audio_02715.wav,0
audio_02716.wav,0
audio_02717.wav,0
audio_02718.wav,0
audio_02719.wav,0
audio_02720.wav,0
audio_02721.wav,0
audio_02722.wav,0
audio_02723.wav,0
audio_02724.wav,0
audio_02725.wav,0
audio_02726.wav,0
audio_02727.wav,0
audio_02728.wav,0
audio_02729.wav,0
audio_02730.wav,0
audio_02731.wav,0
audio_02732.wav,0
audio_02733.wav,0
audio_02734.wav,0
audio_02735.wav,0
audio_02736.wav,0
audio_02737.wav,0
audio_02738.wav,0
audio_02739.wav,0
audio_02740.wav,0
audio_02741.wav,0
audio_02742.wav,0
audio_02743.wav,0
audio_02744.wav,0
audio_02745.wav,0
audio_02746.wav,0
audio_02747.wav,0
audio_02748.wav,0
audio_02749.wav,0
audio_02750.wav,0
audio_02751.wav,0
audio_02752.wav,0
audio_02753.wav,0
audio_02754.wav,0
audio_02755.wav,0
audio_02756.wav,0
audio_02757.wav,0
audio_02758.wav,0
audio_02759.wav,0
audio_02760.wav,0
audio_02761.wav,0
audio_02762.wav,0
audio_02763.wav,0
audio_02764.wav,0
audio_02765.wav,0
audio_02766.wav,0
audio_02767.wav,0
audio_02768.wav,0
audio_02769.wav,0
audio_02770.wav,0
audio_02771.wav,0
audio_02772.wav,0
audio_02773.wav,0
audio_02774.wav,0
audio_02775.wav,0
audio_02776.wav,0
audio_02777.wav,0
audio_02778.wav,0
audio_02779.wav,0
audio_02780.wav,0
audio_02781.wav,0
audio_02782.wav,0
audio_02783.wav,0
audio_02784.wav,0
audio_02785.wav,0
audio_02786.wav,0
audio_02787.wav,0
audio_02788.wav,0
audio_02789.wav,0
audio_02790.wav,0
audio_02791.wav,0
audio_02792.wav,0
audio_02793.wav,0
audio_02794.wav,0
audio_02795.wav,0
audio_02796.wav,0
audio_02797.wav,0
audio_02798.wav,0
audio_02799.wav,0
audio_02800.wav,0
audio_02801.wav,0
audio_02802.wav,0
audio_02803.wav,0
audio_02804.wav,0
audio_02805.wav,0
audio_02806.wav,0
audio_02807.wav,0
audio_02808.wav,0
audio_02809.wav,0
audio_02810.wav,0
audio_02811.wav,0
audio_02812.wav,0
audio_02813.wav,0
audio_02814.wav,0
audio_02815.wav,0
audio_02816.wav,0
audio_02817.wav,0
audio_02818.wav,0
audio_02819.wav,0
audio_02820.wav,0
audio_02821.wav,0
audio_02822.wav,0
audio_02823.wav,0
audio_02824.wav,0
audio_02825.wav,0
audio_02826.wav,0
audio_02827.wav,0
audio_02828.wav,0
audio_02829.wav,0
audio_02830.wav,0
audio_02831.wav,0
audio_02832.wav,0
audio_02833.wav,0
audio_02834.wav,0
audio_02835.wav,0
audio_02836.wav,0
audio_02837.wav,0
audio_02838.wav,0
audio_02839.wav,0
audio_02840.wav,0
audio_02841.wav,0
audio_02842.wav,0
audio_02843.wav,0
audio_02844.wav,0
audio_02845.wav,0
audio_02846.wav,0
audio_02847.wav,0
audio_02848.wav,0
audio_02849.wav,0
audio_02850.wav,0
audio_02851.wav,0
audio_02852.wav,0
audio_02853.wav,0
audio_02854.wav,0
audio_02855.wav,0
audio_02856.wav,0
audio_02857.wav,0
audio_02858.wav,0
audio_02859.wav,0
audio_02860.wav,0
audio_02861.wav,0
audio_02862.wav,0
audio_02863.wav,0
audio_02864.wav,0
audio_02865.wav,0
audio_02866.wav,0
audio_02867.wav,0
audio_02868.wav,0
audio_02869.wav,0
audio_02870.wav,0
audio_02871.wav,0
audio_02872.wav,0
audio_02873.wav,0
audio_02874.wav,0
audio_02875.wav,0
audio_02876.wav,0
audio_02877.wav,0
audio_02878.wav,0
audio_02879.wav,0
audio_02880.wav,0
audio_02881.wav,0
audio_02882.wav,0
audio_02883.wav,0
audio_02884.wav,0
audio_02885.wav,0
audio_02886.wav,0
audio_02887.wav,0
audio_02888.wav,0
audio_02889.wav,0
audio_02890.wav,0
audio_02891.wav,0
audio_02892.wav,0
audio_02893.wav,0
audio_02894.wav,0
audio_02895.wav,0
audio_02896.wav,0
audio_02897.wav,0
audio_02898.wav,0
audio_02899.wav,0
audio_02900.wav,0
audio_02901.wav,0
audio_02902.wav,0
audio_02903.wav,0
audio_02904.wav,0
audio_02905.wav,0
audio_02906.wav,0
audio_02907.wav,0
audio_02908.wav,0
audio_02909.wav,0
audio_02910.wav,0
audio_02911.wav,0
audio_02912.wav,0
audio_02913.wav,0
audio_02914.wav,0
audio_02915.wav,0
audio_02916.wav,0
audio_02917.wav,0
audio_02918.wav,0
audio_02919.wav,0
audio_02920.wav,0
audio_02921.wav,0
audio_02922.wav,0
audio_02923.wav,0
audio_02924.wav,0
audio_02925.wav,0
audio_02926.wav,0
audio_02927.wav,0
audio_02928.wav,0
audio_02929.wav,0
audio_02930.wav,0
audio_02931.wav,0
audio_02932.wav,0
audio_02933.wav,0
audio_02934.wav,0
audio_02935.wav,0
audio_02936.wav,0
audio_02937.wav,0
audio_02938.wav,0
audio_02939.wav,0
audio_02940.wav,0
audio_02941.wav,0
audio_02942.wav,0
audio_02943.wav,0
audio_02944.wav,0
audio_02945.wav,0
audio_02946.wav,0
audio_02947.wav,0
audio_02948.wav,0
audio_02949.wav,0
audio_02950.wav,0
audio_02951.wav,0
audio_02952.wav,0
audio_02953.wav,0
audio_02954.wav,0
audio_02955.wav,0
audio_02956.wav,0
audio_02957.wav,0